performance_rating_id,freelancer_id,overall_performance_score,total_ratings_received,average_result_quality,success_rate
23c9b7c7-66f6-4362-a3f1-1fd05bb28e89,068c9af0-7a1b-4ec8-adcf-965e7b3216c9,72.69,2,2.5,66.67
578a9094-11d5-4725-91c0-fc2838659120,207507dc-c332-48de-b09c-d04c03e98c48,94.52,3,4.67,100.0
015ef613-4d6f-42e5-8504-12459ee0e044,eeb04b28-edcb-4969-946e-cc0e70aff232,74.36,3,3.67,75.0
7e528551-f302-42ad-a09b-5699d82a7722,80a3149f-42c0-4608-b1d8-b79bb4e62dce,91.09,4,3.5,100.0
8a51f89b-7c7e-43ea-9a73-be4817623ab3,3e51ac71-eb1d-4ae7-8b6f-c68b2bd85db5,79.36,2,3.0,100.0
81fbfed2-9fad-4ee5-9e60-1596d7843707,7dc7ed8c-a942-4e49-b3d5-b95fdac243fb,96.16,3,4.67,100.0
9bd52cab-b6e2-4a9a-8ccb-7cbb3f8e3334,aa69163e-15af-4b6d-b4d4-7263cf34398d,88.96,1,4.0,100.0
0a16143e-d1a8-42d4-9569-49744a1ed219,1c437d95-87e9-458a-8bd8-4e07934bccd4,82.43,4,3.0,80.0
ed76a153-6580-4835-b35d-e4f49e58f0d9,1e62ee30-e14b-489a-a43b-dd3784412cca,70.0,3,2.67,75.0
526bb9a9-6336-4f9b-8189-d1fe824f6059,c5ea944d-ab0b-4a71-9c7d-8b72234dcf32,71.36,3,2.33,75.0
5dce0a68-1c18-4212-98e9-5e767c6af0b7,774c22ad-7af3-4a43-875d-3226e1e3cdf1,56.0,1,2.0,50.0
40a52700-c661-4640-a38c-29938aaaeee1,dd667acc-1d35-4b7b-a695-df60e1e37409,87.7,2,4.0,100.0
16987575-6668-4198-8a1e-9b27936daefd,eee57cc8-0424-4692-847a-e2fbbeb128eb,90.8,3,3.67,100.0
570d5934-58a2-4188-b90a-b2945ac111b6,99246378-1f5b-4ff7-ab44-7eed87a515bb,61.53,2,3.0,66.67
f4d242bf-64fa-4638-b363-8f2c631a5002,91ddfa64-1d6e-48de-91f5-03352f4c6dd6,72.64,3,2.67,75.0
6974e779-a4ea-4a50-a405-e1d8c660b5d7,a0599347-2da1-4a36-aa85-e9dbbb1e36e3,84.92,3,2.67,100.0
76d95524-29dd-4b00-8cea-1da784818755,094c4567-6032-499a-8a48-40d73e4c3aba,0.0,0,,0.0
154000ad-0dfc-4425-9ba1-468606b22b6a,ac995400-992b-423f-8c79-c1850e4a2798,93.91,4,4.25,100.0
45b2ca2c-5e4b-4682-8a15-3f7b3ef4571d,cc69d3c2-f38b-47a6-bce7-df9d084b05ea,75.07,5,2.4,83.33
07656c63-4bf2-4025-b261-7ce3ab9f8eb3,10e727f9-945f-4416-9152-43643f546c24,70.22,4,3.25,80.0
b0322086-d21c-4f64-bc4c-c2fc8a879a13,375a8c44-f210-4e1e-82ff-1198081195b5,74.55,2,2.5,66.67
cb308461-644f-4c77-83c9-73c1b0bf4866,e719dcf7-507b-4930-b2db-0377d20d9308,63.04,2,3.5,40.0
49f01142-0e5d-4af9-ab7b-97e84f5b50cd,fd50fbe5-2f59-4bf2-a609-71ab37b0e157,76.35,2,4.0,66.67
6f577e37-6623-4272-8afd-b996cd236f84,b56d4e13-af27-44f7-ac0d-ff9d2799bc7b,82.36,2,3.0,100.0
c98f9246-244d-4d72-8bf4-7f6177e613be,bbb94bde-c4c6-4bd8-8839-4e3e8600c4cf,84.68,3,3.0,100.0
25ad712f-e7c2-4178-8da2-268869eb9d5f,59cdcd10-4b4c-4391-8eb2-fcb03d53f6d6,82.18,2,2.5,100.0
a3864d61-240b-4f7e-8c76-125c12d798fd,071afcbc-7917-4ec2-a456-c39c9a762665,88.06,2,2.5,100.0
f952670d-2fa3-4414-ae0c-ee40d4f667d0,f22d3ba3-2410-4485-9ed4-2be207d07327,73.05,2,2.5,66.67
995647b8-7f1a-4f66-801b-1d27192ac691,d3f9dc98-6426-4413-839a-181958cb3e54,81.52,1,3.0,100.0
d3232058-0e21-41c9-80cc-259750e14a7b,d1ae4f3c-9966-48f5-bdda-6fe4aa04fdb6,78.02,5,2.8,83.33
23e62f10-d597-4031-a156-49aebcecad78,fd55d99e-5984-4514-8245-03c38032bdb5,54.46,2,2.5,40.0
50620def-dbcc-4ba4-a8dc-8a3a9393828e,e6948fb8-ee92-44fb-860e-3d249749b833,75.16,3,3.33,75.0
f1ca779d-f1ed-409a-b5d6-efda041c1f65,fae635b0-e19d-4c34-be0b-97b5716d0fbd,87.04,2,3.0,100.0
9f2360fa-085d-4df6-a2a4-9fe857c2709b,b0e6b519-90eb-4bc3-8d5c-934d18a15189,73.01,4,2.75,80.0
ed89d8c0-50fa-4deb-a8c1-4b67eb1c762f,79000fd1-cc2b-42f3-9b76-d52ebee1e884,80.16,5,3.4,83.33
9f961036-59ad-474e-bb8f-958cf5d619ce,e940aee5-f9e0-4436-bf8d-2cf77e03c612,0.0,0,,0.0
8a6a9c72-b4c4-4da5-8b3b-abb0d958b5f2,7e96e480-4394-4a69-ab9d-21fcb78f648f,83.32,1,2.0,100.0
59cd88ce-7234-46e5-9f0b-12ef156d796a,b6dc3a58-1e53-4f2d-8b88-f858490e3c70,65.6,2,4.0,50.0
4b869029-9032-49a9-bcb2-f75ad86141c0,bfea403c-e134-4f40-b43d-ecd0620c9612,72.09,2,4.5,66.67
67554c5e-cf34-4c51-a5a5-3486ee307dc7,92c088f2-9685-4abe-9bf9-e85a09387489,76.64,4,3.25,80.0
1347229f-d045-4134-b551-436632a6011d,87d38227-d692-4576-b420-fe1cdafa91c4,85.96,1,4.0,100.0
00d46d8c-91a0-4e30-bdf7-a5157e45d5a0,2c283439-b2bc-4ff6-96bc-3dbe27467169,75.8,4,3.25,80.0
b0a3b41a-93de-4158-b118-a25fa7e498f3,11bf9149-0185-415d-aa3c-e8526c5d958a,76.44,3,2.67,75.0
e020d177-f55c-4e4b-8b2e-760335a54f97,a08cf8b4-7fbe-4b25-b00f-671fc4f4f860,85.96,2,4.0,100.0
a9c9d2b6-dab0-44f3-a08f-3ff2d7c07fa8,91360cab-dc93-4741-9eb8-192cebbae384,0.0,0,,0.0
0e4c7ae9-3fbb-4902-9a78-3eb577b11e88,d703f3ab-5f66-4ea2-902b-bc78eeb359cc,82.89,2,5.0,66.67
c6a4a7e9-cd33-4c31-bcb2-7a6835290019,6690e3f4-ad55-4114-8274-1e0a48c9abb1,48.85,1,2.0,33.33
a2fe3c65-e693-47e0-a61a-6b0fc7d6833b,e44791c2-e8c5-4d6c-8e32-c8c3f8fd8bd2,98.2,1,4.0,100.0
15dc56c9-acd8-41f4-8020-c7bb86776416,a32e9d43-1a56-47b8-9785-a5e54e97449f,68.67,2,3.0,66.67
ac9936f8-f1f1-421f-80b9-42ba1bb86dc6,4255cd43-96f4-4500-af3c-f2df564ee895,91.84,1,5.0,100.0
2990128c-6219-466d-95e6-524f8450b731,926b7980-3d50-4b0a-b8b2-1b0c4d198cbf,0.0,0,,0.0
820339ae-9d3b-430c-bfc0-d1758d27b837,1d7ac49a-11b9-4f44-b735-34db75465b0e,88.24,3,3.67,100.0
c0453ed5-a087-4f1e-9164-003f84078fbe,f8068338-51b8-4b45-b9f6-68252e42c66a,81.28,1,2.0,100.0
e3673101-54ee-4b7d-9838-e4290bc072bc,93988d10-5b34-4767-bb9a-07ae5da04772,84.88,1,4.0,100.0
2cab9b12-c138-474b-b98f-5636c3fbe2cd,97de8924-cba5-4084-ac0e-43009ed706d2,88.12,2,2.5,100.0
7a9466a6-2975-4ab4-b40a-21252878bac9,038950f3-ce15-421c-b40b-2200c4266552,89.44,2,4.0,100.0
9eba57f9-a8d9-406c-a852-56e3364f1815,1ac35812-bd37-44d1-baeb-56f5f65ef98f,55.4,2,2.5,50.0
20d00a55-6bca-4a0e-ae68-b7741bd3e075,3fb997f5-9ee6-4ac1-8fe2-002efa6e2339,92.32,1,5.0,100.0
dfe5767a-176a-44cf-82a5-c7bc7aebecee,e1db353f-5caf-40e8-99bd-fc495d0a145f,88.6,1,3.0,100.0
564a7d7b-092c-44ca-9a8a-1f4d1d3acf0d,eb26f0e1-6929-4040-94e2-cba39ba229ca,90.43,4,3.75,100.0
2d491d81-5967-47ce-96ef-07155422af69,92a2e8a4-d134-4c19-bc9d-871d5f8d2d35,87.16,6,3.83,100.0
9886f30e-30ce-454a-81d7-256499c078dc,55248b11-bfe4-4dae-b492-55e2e39c0631,88.9,2,3.5,100.0
e701a989-7d18-478c-bd29-35df358c0107,a74a98e1-7096-4eca-a1de-f5e3bc42bdbd,77.24,1,3.0,50.0
90a44237-3fdb-48c0-b1e0-11a60956ed65,699df42f-be28-4e64-89a3-3dfaca83a061,74.49,5,3.4,83.33
78a63337-1cb7-4031-9d67-12f0464a801b,3819f15a-b821-468f-a5a0-407474c39d0e,96.4,1,5.0,100.0
959b20f4-0f58-41c5-8f2e-a98228d408ec,e3b17692-97f4-49e4-a5d7-0ce17077ab29,94.24,1,3.0,100.0
f3526a52-7da8-4c78-931e-d62f8428b4a0,e92b9d02-e2b9-43e7-a0df-3786314d9288,59.17,1,3.0,33.33
60c1b31f-f33a-4b08-a34d-a48f2b84fee2,2fd03137-89be-4a49-a938-e4574bdcd230,72.44,1,4.0,50.0
506f4039-df60-46f7-b34d-32b29dd35873,0734073e-2287-4457-98c9-3ede81ac86be,83.32,1,3.0,100.0
5c43e766-57fe-40e0-ac6a-71600f963231,975399f9-6178-4ce7-ac0e-f9bcacba0b88,76.4,3,3.67,75.0
594d270a-2b29-4899-8631-1cf35604f328,0533f501-935d-41de-bf78-94fd12957899,62.53,1,3.0,33.33
1a55311c-ae81-4ab3-9439-f6c2c2492f3b,5d9dc26c-62f4-4762-9bfd-3e84952706b4,0.0,0,,0.0
b94bcb15-4037-4a4e-8a73-b1cb3cf81b6d,f32c705e-762f-455d-988b-e1ad38836a50,61.6,2,4.5,40.0
848f57f9-71ef-4a9d-a02c-12c861c9ee9a,e10e9472-c359-4264-b999-4c6e4add93dc,88.66,2,4.0,100.0
59e78e45-16a6-453b-9e00-ef1d8316a5af,32e8e806-0a90-4e6d-907a-cffd6b8c7230,90.16,1,5.0,100.0
63142a05-abaa-4113-a63d-ae4fe0be1a76,2baca5e4-3e03-4780-bad4-adad4287b8dd,81.4,2,3.0,100.0
fc29c084-7b0d-4b27-8350-79ca17647a3d,a881af57-1296-461b-8434-bbe3827a4663,58.64,1,4.0,50.0
39f1f1dd-2df4-47bc-a8ec-3ea6a683b449,caf062e4-3047-453b-8705-445743fd527f,76.24,1,2.0,100.0
4467b2a1-64c5-433e-8db4-e09e2c8a52f1,98b3a976-0162-4f22-8ff4-ed7ce49e3e24,95.24,3,3.67,100.0
d5c54809-6751-4d40-87ed-b7e01a441da5,ec0ec497-4470-4e7e-a63b-979a164e6e1f,66.8,1,3.0,50.0
7d35ea5b-adff-4c1f-89f5-5c0f45dfb0fe,b3c63d5f-7c2c-4eb4-bd60-cd4592439232,83.38,2,3.0,100.0
a859a4c1-7d6b-483e-b7e7-a15405167d0d,08fb8e99-f773-4c38-9c51-ecd2192b3d31,71.84,1,5.0,50.0
41076f1a-a230-4b62-99f9-cd97eb5c55c4,d313124d-e496-4f61-92ef-c29519c127a3,76.19,4,3.0,80.0
1a2e7fbe-0df0-4d3e-a8bb-ddae5fc0a17e,63edce65-02a8-4746-afc1-4ed2980c281c,71.91,2,3.0,66.67
280a5c05-e0b1-4125-a3e3-a0855ed48523,766733a8-7d73-4755-96b6-bd23402a83ae,91.56,3,4.0,100.0
01a4ea2b-4d8f-403a-9ccf-88e52e6ad2cb,e6159f16-f197-424d-b5d1-804090e8f6c2,80.0,3,4.67,75.0
ee8773b3-0655-475a-8a69-40039a2e0400,ec07b1a9-e0c4-4617-bef7-fc59a5796ed9,70.64,1,4.0,50.0
ed51aac0-4cc0-4195-86d2-437be5fc4993,8d792edb-8378-43b7-9d11-b075bac5b476,67.64,2,4.0,50.0
a0f4a55f-a6de-4a14-b289-4b927511dc76,aa80ca15-f237-498c-b68e-8ba77ab8fc86,80.07,2,4.0,66.67
385289ed-0039-4fb7-bff5-1defad4efef5,31dcef2c-4cf8-4fcd-84bd-722dcaafd8d4,92.38,2,4.5,100.0
b61914c2-f127-4f9d-b5f5-26ff93357a9e,39d6ea95-5a73-45c1-86c5-8b893ff8b7f6,69.56,3,4.0,60.0
34a0c475-b9c6-4b74-b6bd-990b54a2dce6,1c4f7e28-29da-4ed9-a48d-3d16efa86e76,93.88,1,4.0,100.0
718c4bef-6720-4f7b-8cdf-ed5dcb673e85,6e8e7094-3033-443b-9f1e-f3f28815bd1f,78.87,2,4.0,66.67
35b9a282-d6bb-4f72-9e19-c65fd699baf2,befc5408-562e-4154-97af-0ebdd7ed66a1,65.4,3,3.0,60.0
f967c42e-aa4e-4a34-a23c-060392ddb447,4b15af35-0787-49b8-984d-a7e223ac1b86,87.76,3,4.67,75.0
2bfd6ce6-e545-4d6e-b566-f9f8f47c6c31,820485ed-9d3b-4ae9-bbb4-980c5802991d,86.59,7,3.29,100.0
2c348251-e297-4f72-8846-4f6b1a7347fe,aeaecf4a-5e75-4cfc-93e7-4cb590c4942d,70.22,2,4.5,50.0
a806d6a5-a972-4ca3-8dee-a690bc302581,4b3843a0-c075-40d7-b65e-57675d038954,85.48,1,2.0,100.0
6de1085d-6f82-48b4-b3bb-4413fb8e860a,1bb94398-22aa-4f79-8794-48fd89600861,66.62,2,3.5,50.0
ba501340-989d-44e6-9b67-4a51d69fea8f,704beaca-2481-466d-8413-131c65698249,74.08,3,3.67,75.0
21e2f8e8-caa3-4206-801e-ce64650d5f5f,2705a8a0-7303-490c-b2f1-850aaf3b1e36,86.74,2,4.0,100.0
9782f779-5a84-40c2-a58a-99839d17f087,e2e109e0-f8ba-49d7-91b2-fad16910b567,81.84,3,3.67,100.0
0b301712-f65c-4029-a70e-3b426216f7b8,988cfd00-1ced-49be-b647-54b28e70c684,85.96,2,2.5,100.0
1bd41c8c-79c4-4d0b-bfd8-0f9c7aef8df4,0e5b32c8-9409-4833-8241-df0ba1ca51a7,74.49,2,4.0,66.67
c26ada5c-4e9b-4d40-94a6-835b7c548bce,156d11f2-e08f-4df0-886a-8dd4451f0ff7,68.24,1,4.0,50.0
d1b51af6-7a73-4e97-beee-0fc2e95ea226,57e83efd-a33a-4825-a1be-d809a6df9910,60.85,1,3.0,33.33
ce6aa432-bab4-4626-a77a-e9fd98671993,880d2ddd-51ed-4e22-8781-58a73568f7d6,97.84,2,4.5,100.0
6e829009-f6f3-49fb-afd2-9f0595a0776f,bfb5160f-a041-47af-aee4-fb126db81a5f,72.75,2,2.5,66.67
4ea11281-fffe-4a87-b726-866f07d1189c,fd1f2712-4120-4de7-8124-74a57b5dcc86,75.72,3,2.67,75.0
f3a7fad0-712b-4aa4-9eb0-8bcbc0d96c3a,1d613e01-8628-4ce1-bc72-ab9a80940961,82.32,3,4.0,75.0
bc440917-406b-433e-afcd-6d97a61e50f3,989640f4-d60b-480a-ae5d-7a329c6a14a6,53.05,1,2.0,33.33
6dcf5059-f17c-4506-a8b8-e9efb4013bd5,c6dec8f5-d49e-4a34-9cc0-b92944a5b189,48.4,1,3.0,25.0
94569d0c-66ba-4261-9681-20d11d9ae2f1,9f4c6b6d-dd15-49a0-a9e3-12e901eabd71,78.94,2,2.5,100.0
317fd345-073f-4b56-9086-5661eaf360b0,9901b214-4d48-4b9f-b7d2-c45ab9c3feb4,84.16,1,2.0,100.0
fe026851-6852-4fb4-b164-b527814c9e62,928043e7-2964-4181-9f36-e4a323997cf2,56.53,1,4.0,33.33
a544d488-bed2-43be-9431-7a0af476498c,54dcaea0-79c8-497c-8b77-b72f49a6b277,0.0,0,,0.0
1ea0b98e-5886-4e3d-9732-22ad65cb0f10,89fabd8a-56c8-430d-b828-2136980461ff,86.8,1,2.0,100.0
7ec99b3e-d4b4-4e61-ad11-4c0164e8ab36,66650e3a-bb7e-46f0-b6ad-d261360a6ea4,59.84,2,3.0,50.0
dff3f7b7-3442-4f43-aeb7-f1381cc32075,a965d137-241e-4067-9076-61d407fc64cc,81.8,3,3.67,100.0
e7dd83a1-98d0-459b-b759-060c7d754716,628ea516-c208-4d47-b5e3-1f58a97d86a0,75.88,3,3.0,75.0
f13e1f19-4a79-44d8-b539-5ddee6ef1027,b02897a9-722a-4822-a25e-245388e39599,55.64,1,1.0,50.0
ef5c18d1-3832-40d1-b010-e179321ca5b3,7822a4ee-7a27-423b-8f5e-f3938551c871,87.82,2,3.5,100.0
396890e0-8ecc-417c-8bc6-3afd978c60a9,833467db-a92d-499c-b6cf-eb1d9a0d61c2,82.16,3,2.67,100.0
ec2bb040-9b7a-4495-9acb-582dde848b8f,c0d7ea5a-b0fd-451b-9435-1a4d7c23c720,85.48,3,2.33,100.0
7c4b2339-107a-4e8c-a43e-2f49f8c50013,75e75db4-32b0-42d9-9392-fb1507544e19,56.24,1,3.0,50.0
95013ca3-e776-4fa1-9a78-222895fbfa69,01cd646b-142d-4494-a47a-fa6dee4161f5,91.96,3,3.67,100.0
693b0f5e-e2c6-4432-af4e-d4ee892a7267,386e2ef5-b2c8-4152-a4f0-7e7f84e023ca,60.92,2,2.5,50.0
52ae474a-8ea4-42db-bc76-60e07b845273,24320130-2d24-467f-aa62-4c3f59e856c3,79.84,1,4.0,100.0
c3b47de9-b3fd-4401-acc2-daf383c698bb,eba225ef-b696-4c16-8df2-8a740ca463d8,88.51,4,3.5,100.0
b7f62f62-02af-4b99-8275-3f1205de3429,e7c8e4fc-1b0d-4104-95d7-3a5b3440b219,77.73,2,4.0,66.67
3f4dfbff-5e3e-4a5f-9eac-a315bdbd72c2,9e6eb5f7-7084-4d1d-aab1-fa50e26b74d5,78.93,2,3.5,66.67
882208b4-95ec-4f6d-8f8a-643b90304b32,1a682f3a-c413-4e30-9696-5e35baa64b00,86.56,1,3.0,100.0
10c869e9-eb0e-4128-a0a3-82b36dbd0c1c,2806eb9c-d07a-48c5-9faa-f16345cde764,81.67,4,2.5,100.0
113fab95-a0dd-4efa-a35e-f523277bcdc4,2a451c18-78f7-4579-81fd-a0d2d3361308,89.62,2,3.5,100.0
8efbf954-2a55-449a-a3eb-b93a782bc81f,365e066e-fb94-43c7-a64a-a3693d594476,62.07,2,2.5,66.67
4ea638de-bf7d-4e55-8552-a97ae7e18622,016b144d-e0c4-4e33-9028-bf24e0a38939,68.19,4,3.25,66.67
75e8b9be-9c8a-4c07-82a7-094248fdffa9,93592920-cdee-4919-a89f-5f1ebb5cdd80,97.87,4,3.5,100.0
dc41fbf3-68ea-4cb6-a7d7-e988cb78de62,e9f7bed0-fc4c-438e-8ffc-afe88c5e26a1,83.12,3,4.0,100.0
89d94948-0315-4dc3-ab38-da4192ec988e,42f0cea8-c564-4173-bc1c-53465daf38f8,88.96,1,4.0,100.0
90d92d89-dd36-46d6-ae97-a0400a7a5481,eb56464c-1ae7-4a4e-975c-c717db7fbd37,98.56,1,4.0,100.0
59db26f6-7788-4f1f-a935-76c404159ff8,f38e839a-7faa-40fe-b9d9-aba8da64c71b,80.25,5,2.6,83.33
488a2544-2f7e-4e47-9823-7bebc9dd0b1d,f0e88f66-53c8-4785-87ff-2693701f06ca,0.0,0,,0.0
db7e2b3f-46f1-41f0-a341-88e0e297356a,e0a40368-9362-4f7b-a09a-e5bcda6ac9b2,77.72,3,4.0,75.0
a4787e77-0b23-44fb-bcae-83129e992312,ab061312-8142-41d7-9e37-6cbc61ae6018,71.88,3,3.33,75.0
6f70f586-8941-46fb-849a-8fe3e972a8d9,9b8a764f-4913-4b4b-8f38-02c95127317f,73.38,5,2.2,71.43
26974270-e976-48c1-9e2e-3d8a0b02d80f,00d86d71-1502-4122-8504-ae758555005a,88.48,2,3.5,100.0
64a7d351-9019-48ad-8559-b7361a5de053,5b8ed391-0df5-455c-bf72-7b383a8531a0,0.0,0,,0.0
54eb26b9-533d-4aca-a75d-739cb35a02e8,a5936989-eac8-441b-9ec7-b945ed35e5c0,0.0,0,,0.0
d61a7848-eaa2-48e1-8549-97367dbe9e3c,f3fb8d20-95ae-4dfa-82a0-9c1fc2213232,59.05,1,4.0,33.33
c2f581e6-40f3-4dc9-af5e-785c8bc93ff3,0b15194d-8af2-43f4-b657-46f4483332e5,79.88,3,3.67,75.0
fdd80bd8-e3b2-4151-a270-d6c57ac04c7e,8f3e8f91-384c-424a-9cdc-c8748f7df413,89.8,3,3.67,100.0
32110a25-c149-4504-bd1a-d98c7076d7a3,67ab65a5-1a95-4077-b64d-d479515f81a1,59.53,1,3.0,33.33
905f2d65-ef50-4438-9673-ad4c9d9d49e2,2e32a344-d4dd-4185-946e-378e775a8ba2,91.72,1,5.0,100.0
1e921c55-76a7-44b3-9bb9-9ca6ff246026,e7c9e82d-39f4-48a6-9500-e6bb9426c951,78.32,1,3.0,50.0
57f766de-9110-4ab5-9083-4921fb12e08f,c7fd8a00-ec6a-4f8e-8139-52538b5d6d16,75.68,3,3.33,60.0
51a9f488-7a1d-4569-b143-23c2682415a7,742a919a-c20c-443b-912f-a872f928c979,75.0,6,3.0,75.0
7026318c-eb2d-4c05-8738-017cd65d5d70,635d010e-b74b-4de6-9d44-37cb533c2de1,89.56,1,3.0,100.0
0e10b9fb-0a60-4df4-9949-54e98459aae0,1726d17b-fbbe-4b65-85a3-d4f6a969f612,87.48,3,2.67,100.0
7409aa4f-b6a1-4efa-a012-64caeef08ed4,184439d5-b58e-4a43-b104-fec393322905,86.8,3,3.67,100.0
029cdbe5-99a9-4335-8d00-38a9f0d27a65,a29203c7-c725-4a53-bb22-90a76ce2570e,94.24,1,5.0,100.0
074991f1-5910-42de-bf92-eca6e560becb,b69b2bd3-b383-4348-9614-c2e311a88bc6,55.4,1,2.0,50.0
5ebe8820-b163-477e-ae3f-1c6cf60dd8ae,84550548-a4ea-416f-9d17-7b3d1a2743eb,66.92,2,4.0,50.0
94f60355-bab0-42e6-96bc-1cc5d97960d6,a4506eb1-884f-4a17-b6fb-9b15a046f24a,93.04,1,4.0,100.0
37edfd6b-8b4a-402a-ad81-e8ca6035ef5a,b5467c3e-0131-460a-b327-363021787774,96.76,2,3.5,100.0
42895e97-ea38-4aa7-b94e-ba8646c7d088,960d389c-eac3-4c35-bead-53f2b151899c,72.57,2,3.0,66.67
88fe3b6d-2943-4b6f-ba52-7742f3acabb3,88efd37a-39f3-4e5c-a045-2b701347de5d,84.04,1,3.0,100.0
61a42f4f-c041-48c8-a6fe-0d36423b1555,a7ef6fa6-7b74-456c-8c61-4533a10235b8,84.34,6,3.33,100.0
0302e4d0-89c9-4657-a707-d04feb8ccca5,7169ca6a-2ee1-42e3-8c71-6d2bacd163fd,81.1,4,2.5,100.0
b4d358eb-dc2b-433f-a001-b3271b6dbd50,157add59-3a41-47ac-9067-619e938d62c7,63.32,1,3.0,50.0
16827eb8-18e9-4b67-81f2-72dc14cc07c4,3934a43d-8531-47dd-9a9e-83e55ee7ba4c,87.88,2,4.5,100.0
d894c41d-5c62-4fd5-8eab-8e39ed34dfdf,daa14e05-008c-4921-ae1f-99f8482fe141,86.44,3,3.67,100.0
c83a2df3-d1ee-40a3-8419-368b36a4f0df,d32a16c2-3289-4735-8e6c-bc7d7cbef6ff,78.34,2,2.5,100.0
2927afc2-45b4-41dc-975f-952ebbc51d5e,bc8e3326-8c94-40a2-9a37-17ba927a2a11,56.05,1,3.0,33.33
10dd7b6f-9e27-48ca-9aed-412b21ed4722,877167d0-a7da-4734-98fa-edcb7ffc248f,86.44,2,3.5,100.0
31f9e460-1551-4890-a32f-656bf7b47fef,9b2d4c71-3754-4b6e-a4d2-01e8a8c5b578,83.59,4,2.5,100.0
1ac4344e-4f3c-4420-89ee-b770d0e7dcb6,53be0c68-8058-485d-aa9b-739feb3aef26,91.78,4,4.25,100.0
175ca21f-04b1-4f6f-a62c-c321bff989af,f2b89d44-7185-4876-8293-c85372a2c8e5,97.3,2,4.0,100.0
88469a5a-9f67-47fc-85c9-a3fbde3cbf83,0f146989-d97a-4e45-8a22-7fdc477abf13,73.44,3,3.0,75.0
b227aa53-e11f-468f-be3e-033d5bc3326b,de9fc804-2189-4750-8b3d-ea2a54941e92,77.62,2,3.0,100.0
0984d229-da27-463f-a5ac-345e5547fa09,21b3a9f9-0ab8-47f6-9f04-0f4f3c45fe56,93.04,1,5.0,100.0
07c36ad0-e08e-4967-9e8d-506c692ad5ae,808ba693-15bf-490e-9324-b399cef9cfe3,78.27,2,4.0,66.67
5db9d07a-e82b-437a-b045-d72d9d582dc0,96f00f2f-167c-4224-82b4-ea4d52f7ac21,77.72,3,3.67,75.0
c7c790bb-54e5-4b83-9018-9a11266180f4,d69e237b-8448-4d58-8d60-79346f259b40,55.4,1,2.0,50.0
ecf61fbc-6ea5-41bd-9e9f-f9d298afb917,3805d976-9cee-4d19-b7e7-6b20773bca1b,46.36,1,3.0,25.0
33e7744b-8e7f-4c5e-88b8-7e41f2e9109f,9ce84eb4-67b1-4f1c-bf32-7d492a6d606b,78.36,3,3.33,75.0
0128c5e2-9e96-48f0-895e-533dbcdb8667,7845fc22-aadc-4cb9-bd06-2bab99b7b0c9,84.94,2,3.5,100.0
cc0b746d-c582-4404-b895-d53420520221,f9c430d8-e534-4cfc-ad82-452fc6e6c97b,0.0,0,,0.0
d849d8bd-be71-42fa-b78b-e807e73a7948,0ef34b16-a1cd-4f79-946b-c39ac864f647,0.0,0,,0.0
a9b6b73c-6297-4fdf-9a56-7c356422aebd,e7756af7-b2a1-46d3-9717-acddda1baa6a,81.64,1,4.0,100.0
72036310-0831-4965-9ce8-25c16cb95a9b,fa454d36-8430-4afa-a5bf-c1cd01eced4f,92.56,3,3.0,100.0
fa9e692c-ac1c-4a20-b83a-3cd32d8c2819,c624296d-6b31-4e7b-be36-00a6bfa13e40,88.3,2,3.5,100.0
d9007cce-7e7e-4e12-b981-62a3396f60f1,c53fa105-be54-478f-9e5c-3a330ce61061,70.17,2,3.5,66.67
decec873-c81a-4bda-abe3-89fc963001ba,7ca663fb-8d49-45d5-ac9f-8a57abf16fdd,82.96,1,2.0,100.0
704db280-9823-47cb-b098-c0d8ea3c66ac,e3fb9177-229d-422d-94e3-4e2f79f0914b,0.0,0,,0.0
c3108447-072a-49f0-a7f3-3142a7388677,c5493162-e026-4a4c-8bb9-5bda22829298,84.64,1,2.0,100.0
e0f9cbe9-0a19-400c-9490-79cbd0c15515,1fc061ed-1ba1-4251-ad0e-09a21c062637,0.0,0,,0.0
77136b9b-cbf4-42b8-af66-2ae41c8728de,046de70f-b12d-4a30-815e-64f34a985cf3,81.86,5,2.6,100.0
ac240925-2fa4-42b0-86da-a9c140f04d6f,2b8f52e1-f52a-4d4a-8a34-6e17a709a220,69.04,2,5.0,40.0
72e406f8-122d-4757-b081-b315d5df45c1,0d91c474-ed1c-431a-830e-fbe6c1eb87c2,74.78,4,3.0,80.0
b47dba7d-35be-4cdf-b8b5-790241085087,76acca45-16bc-4bf6-ac8f-a3316758efd4,66.03,2,3.5,66.67
7b81eef1-f94a-43a4-a54a-7b0024edc5ef,84cba348-d8f6-40da-9052-6c4f0cb07433,83.2,2,4.0,100.0
6a16d085-2fc5-44e5-8ee5-e6039bf4adb4,c3416234-0bbe-4745-a4bf-3edf1d9f64ad,64.4,1,3.0,50.0
4b094e9e-121f-4eab-ae20-c86444df6f0c,7c27ab2c-e9eb-470d-85eb-733e6d3089c8,78.38,4,3.0,80.0
485ca11c-463c-49d6-b9a5-212362ba4477,aa0e64a0-afd9-4420-a682-affb828260a4,72.45,2,4.0,66.67
8c59baf4-e69d-40af-baf1-577d1a450492,442147a7-5b03-4209-af9b-3468dc92eae3,0.0,0,,0.0
0f8ab490-d878-4a0e-a420-e5bf15edeb9c,5bf071ec-a1e3-4dd0-b4d8-173f196bcea7,63.92,1,3.0,50.0
ebb7c301-3b8f-49dc-871e-f5455c3763eb,11a6722d-b1d7-40ee-9d86-c21ffd4f5345,67.76,1,2.0,50.0
b18c0f11-f166-47af-98dc-f25c30e15bc2,1ec83937-0601-4f48-984d-4e815a2a8f18,73.19,5,3.2,71.43
821115cf-336f-4a78-b759-99d0b5416a9e,62986a5c-f67a-4b10-9998-57fb06bb5158,69.25,1,4.0,33.33
479095dd-b2d4-4ccb-bf99-5f1a4248a4fc,06e0c157-0978-492a-897c-f79296b8c37d,79.64,1,3.0,50.0
bdb04972-b57e-4489-9863-cc0cb73cb2b2,102d0916-71ad-4f6f-8f8a-4054b92f57a8,88.24,2,4.0,100.0
8954ec7c-4b7f-4b32-a209-1df761c9d71f,f605004b-b7db-4a0d-9e75-757847d22a7a,63.56,1,2.0,50.0
8eea05d0-25d4-47d2-b1ce-c16c4a3f0801,b169dcfe-0176-4e96-aca2-e4d3fb71bd6e,96.76,1,4.0,100.0
2329b358-6131-4da3-9b34-232693f979ea,21367f7e-90e1-4f9c-b31e-4008b44dae75,89.98,2,3.5,100.0
2a3fc5bb-d5f3-4f56-b564-40f61b30873d,3e3d3a8f-983a-4102-885b-94a6cd4b07ac,92.2,1,5.0,100.0
23223430-25b6-4136-9d9b-f8f4d35805d4,357120e9-ef37-4910-ab77-9187ae1b52ca,0.0,0,,0.0
8a906339-72ba-4c02-a504-064299266850,689ac0c5-4f1c-43a3-b7f6-d89ef6de625e,66.68,1,4.0,50.0
2b7fd681-ce91-4519-a562-1c79b92a8cdf,ecf88ead-6776-4f6e-bb19-a03bfd0b01d1,71.96,1,4.0,50.0
8fdd390a-bcb8-4886-a284-4111940d8e6a,b90ab983-8167-4785-8259-66c3c9bcf31d,84.94,2,3.5,100.0
60f0584b-1fcd-4903-bc16-2b9c3fd3d20e,d24fa4c5-3d8c-4a22-afd3-87ec96b251b1,62.6,1,2.0,50.0
cebfef67-a73d-48e0-9f0e-3aaedf3912bb,6ceca3b0-1ed3-4fab-a30e-d0fc77441f16,0.0,0,,0.0
12002538-91df-4513-bbf9-80015aa4c942,3e10de60-f09e-4edb-a1e2-42b033aca1eb,0.0,0,,0.0
af4a9e3f-4710-461c-899b-f6452d2ee145,b3c35c0a-8371-4246-95e0-b189272942bb,0.0,0,,0.0
faab3abf-e1ad-4004-b2e4-9d3cd8f5f274,372fc4fd-3269-4d1c-bb21-6f3b381cf56e,66.33,5,3.8,62.5
7cef6029-37ac-4189-9c4d-1b3153a8d539,19a96817-9f36-4e19-b811-ec94e32770c8,0.0,0,,0.0
9194316b-800a-4569-aad6-e35fdf839530,b44f658d-75f1-4215-8d0d-f12e6f07ca74,81.24,3,3.33,100.0
dab2a9dd-fafa-4397-958a-8e791ff3c636,48817884-badd-437a-b977-62b3b8080c33,92.4,3,4.0,100.0
f44e547d-d2b0-4837-81eb-a865c06c14f5,e7906ea7-c951-42d9-9fcb-335538ee18b4,81.58,6,2.5,100.0
a1c9dc1b-aadc-4f43-b29c-6194890304b9,7eed0f3c-f392-4491-bb2e-e66b107fd34e,58.22,2,1.5,50.0
e9bfc987-180d-48fc-8e1c-521f727397f2,d67daa87-1e68-4b34-b8af-9c596393ba7d,73.77,4,3.25,66.67
cad3860b-5887-4d0a-b05d-8ca151d30b79,1a8ec5bd-47b4-49ac-8123-c1f917540f47,55.69,1,2.0,33.33
adf4bc47-67e1-4020-99cc-fa34d7e99e79,256e68c6-76cd-4a5d-b398-e2abfe398eff,68.44,3,3.0,60.0
355e89b1-4a13-456b-8465-d163c37524aa,c21884fa-0f19-479e-b844-25c19d962939,77.29,6,2.33,85.71
9e2e5766-e58d-43fe-8f9a-501edc39a914,9189876b-0325-461f-aa8c-3374485151cf,61.33,1,5.0,33.33
6860ff1a-85e1-4bd9-8771-e60e05bc560e,2e7f43c7-b7c5-4351-9adb-2f4d171b3cd3,55.36,1,3.0,25.0
1dbdcde8-778f-40bb-ba36-e672c8afa1a4,abf88349-d860-4c15-b2c0-36646cba770e,98.08,1,3.0,100.0
cab73680-e79a-42b6-84ac-9e8fcfa01f06,827b2960-f199-4992-b40e-d7c77b03500f,89.76,3,3.67,100.0
7c3b3039-961d-4f6a-9db8-3f5616211415,e33ffc3d-5782-4dc1-a1a9-04e5a6c19530,79.85,4,3.5,80.0
03d00981-bb7a-4220-8bd6-d94d3fcb6f50,879aa9f5-1f97-4d22-aa80-01f5c2dd3b6c,68.56,1,4.0,25.0
785d2f5c-e467-48a2-8748-f5ef32e82aee,6f7e9eb4-9fb4-4e1a-807b-c553b9cc8fee,78.64,3,2.33,75.0
38adee02-5742-4209-a309-ac2dd837e98f,b7c9d289-1244-4328-8029-5c9a09b88196,86.02,4,3.5,100.0
492a2638-f26e-4b6f-8133-4da47c304a61,a14ef145-9d9e-4eac-8a90-c6daa18649f2,95.68,2,4.5,100.0
55955a49-871b-40fe-8769-0aa7240d5da0,7301526c-dd77-46b3-9b3d-1a2e3bc6caeb,45.64,1,2.0,25.0
28edac2a-7bcd-41c5-b8b4-1635c382db19,20ce76bd-37d7-4d2c-9f27-cd4917d3f92c,69.81,2,3.5,66.67
3bde3056-0f93-4d54-87fd-3e95efca9d56,98fcd1f0-d578-47ef-9c6e-85a5bb19f067,69.68,1,4.0,50.0
2849274f-01bf-45d4-bf92-4172d1297139,bab0783f-f1ba-401e-bf6f-2ed67bf4ab0b,83.4,3,4.0,75.0
49fe738b-6518-4089-b758-2b1b3fd29010,9f4fb724-866b-4754-b650-18435b691d80,0.0,0,,0.0
1c0f2ec3-ac0d-4f5f-9a6d-83643dc20e27,5709918f-22fd-47d9-8cd1-f751c2e75945,77.91,2,3.5,66.67
1a25cfc0-2084-4ba9-b7bd-ff6694db1b29,bde0b58d-07e4-4fce-b4cb-0efe7b786edd,0.0,0,,0.0
f7e00c10-bf08-4afb-bbf3-cf05f491a870,073d21c7-ae33-4132-a1d1-1e8a6dc83f1b,82.24,1,4.0,100.0
92b9b220-bc32-49f8-b24c-4ffe0089ddc2,50a65e51-7284-4cbc-a172-28f79f72bf96,0.0,0,,0.0
2a271fcc-7627-4705-a040-ca3539830cea,5fcf67b9-e2db-4300-b69e-6fdca021cc27,79.52,3,3.67,100.0
58569bee-3b56-4540-846a-0e12c7aa309c,03b45056-ac20-4d47-bf3f-689a8bd1dfa2,77.52,4,3.25,66.67
d23b4af3-a6af-49c0-bbbe-44f5d165a8d7,1a4ff3e1-93f7-413f-bab4-36ccf9f65606,97.48,1,4.0,100.0
c8a43833-a95e-4089-adf9-66ad181db37c,f161b450-608f-46f7-8aa5-620a9a1bf07e,84.64,1,3.0,100.0
fe2bf468-bb18-4615-834e-006a03d82492,4b07b91d-3f39-4307-b60f-82cccb6f5be2,0.0,0,,0.0
b1913d57-04dc-4095-b7c3-c702457559d2,74bf7f0c-5f84-48c5-bc06-22d8fee830b0,78.45,2,3.5,66.67
b3127c9b-eaaa-4b99-a27b-a8396299a240,884cb898-3f8a-4e21-814c-5140c498b164,90.16,2,3.5,100.0
d4c193a4-9a00-402e-8716-9fcd79c7900f,b097361d-f7c7-47e0-94ef-22036de6360c,69.8,1,4.0,50.0
645c0492-a7a5-4539-a7a1-61e52ec79f99,1dde8597-b06e-4f54-ae19-c9b63920b2d8,0.0,0,,0.0
362d2043-1cad-4191-8c4a-ac64810c8f18,c53e88f5-11e2-4bb5-ac05-94d3f6ee9a71,83.38,2,3.5,100.0
e5962ed9-1a8e-4422-8276-f8ef0bc2096c,2d36949e-edf8-4b5b-91a7-5f8bfce72db9,75.5,4,3.25,80.0
df851bf2-ea7a-4d64-b1db-62530bb0e2b1,cb6c94d0-80d3-4cf6-86c4-76b72f101fbb,56.12,1,2.0,50.0
44a976ca-0842-41f7-9bcb-fb136f88176a,84b9b6c3-dda5-4692-b3de-ccc5263a8152,51.73,1,3.0,33.33
b00c4af1-02db-4fb2-8e70-a335421527ed,9a36c538-4f36-4a1d-96a0-c646192ba745,62.44,3,2.67,60.0
05f22e1f-f167-420a-a21e-dfbaf3346d81,7fea8264-0280-47b9-8096-91315ae90638,75.16,1,2.0,100.0
b202143c-e514-47b6-acc7-c8dcfc5912ec,6db0e38e-58ed-4e77-8234-94d63b94a70b,87.16,2,3.5,100.0
ba784a96-1454-4d31-87e9-cd329a8fa780,ea8dc35f-a34e-43df-b6ca-251332ffaef6,0.0,0,,0.0
a183bdaa-4690-477c-bdfe-975c11a9b4c8,496ef1d3-e82e-4ba0-9f41-fbfce5fdb2eb,82.84,1,3.0,100.0
4958bc2c-3016-482e-b368-c993a2b93be4,3706de12-2b06-461e-a1d9-e8737e771907,74.16,3,3.67,75.0
443785eb-046a-455d-9133-a3464c6d50da,cf690255-e50b-4124-a75d-4f5b824c5df2,75.44,3,3.67,75.0
3b9065d8-de83-4ead-95c7-7948da29a2d7,9fc87c2b-20d2-4dc1-86e5-cb1cf4bf0088,88.24,2,3.0,100.0
7b2dd59e-79b0-4afe-82d1-451cd90f59bc,3bbff999-1e17-4c3d-b165-6e650c4b10a2,0.0,0,,0.0
bd54f881-fb94-47b0-ac05-1869e45c15bf,792984a3-84a9-4213-93c8-2bae8d94468c,55.4,1,1.0,50.0
6f466356-210b-4cbd-8a6d-606cd50864ab,57a236c2-47c1-434c-a14f-eaa2806aab47,76.12,1,4.0,100.0
683da779-9960-448b-b067-c55b4035750e,1d4ade34-5bb4-4ab0-91b5-dc4b46a15550,76.28,3,3.67,75.0
5b5d598a-5f1a-45a1-b341-c1eecdacf347,2ca9ea39-5732-43cb-8636-0dfd3d8449d2,65.18,2,2.0,50.0
f798b851-def4-406a-a906-d4041958cfaa,a05e15db-b3a5-4c9b-a500-602f46a51dcb,86.44,1,4.0,100.0
08178fbe-9a25-4e4c-b29c-0f1072832c77,d2a2fa17-f4f9-4158-b6e2-d047bd4684a2,87.1,2,4.5,100.0
1b9e6784-cdf9-4bd1-8293-bac12629ee6f,179836bf-c221-42cc-8afe-804c402e18a2,88.12,2,2.5,100.0
b77f98ae-fca4-42f0-94bf-66f6f74a82dc,a5b09069-4037-4bb7-bc4c-d27c5ca2b8ca,73.82,2,4.5,50.0
687b0a5d-3c96-44c9-9c78-ede6cad2f15f,2d5d30bf-8098-4f0e-93c9-633eb1adb4db,90.88,2,2.5,100.0
3f354db9-5836-4fd0-a998-c5d2e5353cf8,683e99c1-87f4-41a6-aad3-119ec3a87594,0.0,0,,0.0
6af8ac3c-59ba-4719-b813-22825748ccb2,d383baef-32e9-41e8-baa5-42a8ac98bb25,73.77,2,4.0,66.67
7aff4e0d-2238-4baa-a8d4-6d97ab6c5182,478bd79d-cd70-4af4-99d7-671fac4c5ec3,0.0,0,,0.0
a6b38e7a-8b5e-4068-9206-546b38333c83,c571b8d1-7bdd-46c7-88e1-14453915bc99,89.53,4,3.75,100.0
21dae8a1-9bdf-4382-84fe-832875d72c29,ed5babef-5330-4d8f-865c-3f06f479ffaf,69.96,4,3.5,57.14
abb6c095-929d-422b-8de2-d3643cdb4cb8,37adba77-acbf-4bd9-a4a3-d459c83109e6,74.85,2,4.5,66.67
e66aba97-6449-425c-98b8-27bfefec6e86,68e40bbc-de8e-4ead-9a8e-fc83a8008ebe,73.16,3,4.0,50.0
9ac18e78-b622-4bae-8fa3-6072ee3b9096,623670f5-c6ee-4f98-acdc-075d54947a29,66.33,2,3.5,66.67
8af8c299-4a7a-48fc-9311-f1a555f65e4e,dcfe345a-c673-41d0-93fd-db7f4ab5394a,88.72,6,3.33,100.0
2882eb7f-b8a1-4f36-b80d-18ac72ed6772,480a4079-8c69-4146-a93b-8634bcb1d2cb,70.28,1,4.0,50.0
9f4d4d0c-6a6b-4b7a-90b6-e6fe3ce872c8,9f62b2fc-12bd-495c-be56-6101db9c899b,53.2,1,3.0,25.0
67f6fb20-8b79-47d9-9545-c751fdb0c715,e7229f45-3f03-4693-aab8-08cc7f9ffea1,84.04,2,2.5,100.0
390857ec-dcd9-49c1-841f-7299de30fa6d,c3bf409d-1ed1-4c59-9aae-4248918bb07b,89.56,2,3.5,100.0
3ba1f814-667e-489b-81c8-d30153ea88b0,9c27f58d-099e-47c3-9fc1-b17eba2628da,68.72,1,3.0,50.0
9e0a720f-789d-44a3-88df-f06d3aa20164,33645144-8da1-47b9-9e73-16d8922a2d17,92.2,1,4.0,100.0
63b3a64a-838f-4ab2-985b-b2c9216cb6c3,0fc873c3-9f77-4bdf-be4f-1b8d831b6394,64.64,1,4.0,50.0
469d4cc4-b58f-442e-a7a7-d61e5284c4e0,dcc32055-5d59-43c2-bd2f-bc07b62dccdc,55.88,1,1.0,50.0
985b875d-05f9-4689-9c8d-bf500fe92612,fbcdffd7-18fe-47bc-bf1c-a8d4323c084b,66.92,3,3.33,60.0
da45ab59-1754-4533-b2f3-7d2f9478f559,0f20c4e9-9692-49c0-aaf1-3374f908ee1c,98.2,1,3.0,100.0
4f4c60c6-b194-407e-ab38-9ce2f25d0a21,37b9f781-7979-418b-a3a1-7cc1635543eb,0.0,0,,0.0
912cc976-507a-46c7-b02a-a943e14ab3ce,7e1e43ef-97df-4945-acfd-2097842baa5f,85.48,1,4.0,100.0
ded45cc1-d8d2-4e6b-8b1f-b280a503dd04,c0edad50-035a-43a9-99a0-1dc761308149,81.84,3,4.0,100.0
8ecd253b-f84b-4a5f-902f-9729f5f0d494,12adda37-2abf-4625-8903-d2efe01b8fca,75.64,2,1.5,100.0
78b74b4c-5ac4-4f2b-9a51-c197798e6840,7a59c9dc-7df3-41a2-92c2-d11dc4053579,87.82,4,3.75,100.0
a3e80b2e-2f27-4d1f-8ad6-3b61d65d643a,9408453e-4d9b-4548-9572-8a6d496bb1ee,73.52,5,3.4,71.43
43cd8c78-70c2-4be1-8f6f-1951161dd596,4e06dd10-470a-4f16-bbc6-06142c4f6e3b,54.44,1,3.0,50.0
3e1f7f2e-e3fa-47ee-860c-cfc135bca465,9b16bce1-839e-41a7-b13d-58f23e9e3f47,83.92,3,3.0,100.0
7831b3cb-491f-47b2-851e-dc0edcadcb82,c6ce2e12-6e3b-4954-9a34-51a9a94ce89e,86.72,3,3.33,100.0
9264d53d-04ea-410d-883f-3e1185136de1,cd57c6ad-3fb2-483b-a1ce-cab710af138e,80.15,4,3.25,80.0
3f3631ce-bdf8-4a8c-9a78-0606466ab18e,b28ac1b9-75e4-476a-855d-3dfc0d403928,72.08,1,5.0,50.0
b07e72d1-39f0-4787-9d4b-24e7f796df11,eccfeff5-9ae7-4c9b-86d9-37178f5fbb13,77.55,2,4.0,66.67
6127220f-77dd-4ae4-84fd-3a68226c8ddc,a96dcaa5-d546-419e-968e-7ce6d1a416e8,91.36,1,4.0,100.0
a4f7920c-603c-41a7-ab3b-6ac00091e59f,2905c20c-f594-4fc7-90de-b96983bfe229,64.56,3,3.33,50.0
916f69e2-1abf-4c69-bf8d-700a50c43983,5e746d8f-ec1e-4508-8c2f-e9554fef99d6,94.72,1,5.0,100.0
08ba1852-ec16-4557-b8e8-ae20845ea692,b34fb2b2-e025-4443-bee8-66a832ed7323,56.48,1,3.0,50.0
2d7fb7a7-5bdb-47ea-a9e0-6933a547eeeb,5863f588-5a7f-41b2-87c9-5560a1aa5c37,82.0,3,3.67,75.0
8faad842-4cf0-4bb7-9e30-23b455023560,bfcd0767-0665-4764-a7c3-1b48e8c8d2ef,65.41,1,3.0,33.33
abfcd844-88b4-47dc-9e42-60faccadd20b,7926fce2-0944-4f45-ac98-b6ab8c9af4b2,72.81,2,2.0,66.67
ae8d98c4-5312-46ff-85a2-45c4dcc3be4c,3a04fd30-be90-4d84-ae50-83de4fcf58d3,55.64,1,3.0,50.0
54039f2f-a820-43b9-beb1-8bd7a5562487,a7b4f22f-496a-447f-b194-e5dfd14aedfa,84.83,7,3.43,87.5
52618e60-cd05-40f5-b0e5-1f3a28097407,82009ff7-342e-4a94-a5ba-d2f66ff088d0,62.92,2,3.0,40.0
17085936-3a51-4484-837c-1ab3688c386c,69af508f-0bd9-48f8-8339-bd9e89c11ef7,56.12,1,3.0,50.0
e5386b99-d937-461e-aa9a-7b6d797e6b43,d07d665b-1df8-468d-aee3-2e81709763ca,72.08,1,4.0,50.0
8f18ba5a-8e68-42d2-bd32-695d9ee01f02,ae43c8fb-8f8b-473e-b61a-b1260f9d677b,76.88,3,4.0,75.0
69faefa7-3918-4ef3-a085-885210cfe6ca,52f23038-b395-465c-a9d2-c479d8323911,76.72,1,3.0,100.0
c6c0e089-e61a-498e-997e-cfaa45994938,5509e0ae-f5aa-4211-987d-73b14f514b24,86.32,2,4.0,100.0
d258c9a2-b024-431c-8756-aa4ecdac0473,b2af5334-544a-4da5-9ecc-87ee1ba7156b,72.33,2,4.0,66.67
b80d418b-6a69-4503-926f-28317494893f,675cef77-15c7-4ac1-8930-9418b84267ec,89.92,1,5.0,100.0
fa39834f-96ac-4828-ba44-8f5477b9733d,ae0e918c-30e2-44ac-9907-a87d6e07fffd,65.73,2,2.5,66.67
dc0038d6-4400-4553-a1d7-a1f75b5c9c55,3d921c5b-9191-4a5b-b7cd-835ba52b265d,80.4,3,3.67,100.0
55405a46-fe20-44ba-9277-2632129b5153,0737f992-fbc6-47fb-8f30-771d476c2a44,78.6,3,4.0,75.0
a1eeaf93-f1df-4d6d-b60c-8f31cbae6b1e,f934b6c7-7cd2-4948-98dc-8d52ed3b14a4,0.0,0,,0.0
02bb5fbc-4848-40c6-a6fc-22a92d0dea6b,e67c4c8b-f41b-4e9d-9ade-5050b3fbbfba,65.0,1,2.0,50.0
3b0b592c-23ef-40e7-b8fb-423ece0bf95b,75e47e91-af90-4035-86b5-8691320ff522,80.81,4,4.0,80.0
d94fe477-4b25-4f25-903d-3432abe8fe1e,cac1f5fc-f45d-4103-915f-c6e40b0627f6,62.36,1,4.0,50.0
a94e72d7-6b3b-4b72-8f35-5ad7b9202bbb,3cb042e5-73f2-4fc8-8648-d0bc212516f4,64.64,1,4.0,50.0
14708b1b-57e3-468e-9984-d5f5d3ac7b10,9b6487be-ffb3-4e0e-928c-3853f15dade2,77.65,5,3.4,71.43
9328e6f3-24b0-4924-a702-3578d9fb9b6f,4dfd4026-4f34-4230-900d-7a170fca313d,65.84,1,2.0,50.0
3f563df3-47cc-4cea-9a6e-2dcb1f7bf169,94a0c605-ca9d-4bee-8c7f-2f299aff1413,79.49,6,3.67,85.71
fe4211f6-cad6-45be-8aa0-b20b97d19b94,eafd1606-bb0c-44b9-9d98-e08d213b10e4,70.95,2,4.0,66.67
207f32a1-bc80-488d-9de0-05c46c99f525,8526db93-6eee-466d-8e9e-052a815b76ea,87.01,4,3.75,100.0
6f8ffd93-ba2e-43a2-b33f-20a2359ba8bb,0df0cd1f-6fb6-43a1-ae0d-e6198086c914,83.42,5,3.6,100.0
b042d00b-1f53-4ef4-88a6-bac6fd299715,038afc38-419e-4523-8bf0-4db74187a20d,83.98,2,4.0,100.0
1d42ba1d-0b78-43e7-a0ba-06f46fe5dcd2,a48c70aa-99d2-4665-99ce-cab3bbfd79be,80.38,2,3.0,100.0
1bfb5752-6987-41cb-ac36-f913d3d7ab51,c40df368-2c79-4cc4-be2d-17fe007e7ec1,58.52,1,3.0,50.0
1bd4734c-aa8e-45eb-8576-e393fd123634,9c9eaefe-3dae-492a-a9cd-20201c31ced6,66.2,1,2.0,50.0
f1ac0d6b-bf66-41bb-8799-9a7e62ba0cd5,bba4a9e8-a3dc-4e1a-97b9-f938cf6f7982,97.54,2,4.5,100.0
72b1df92-93b9-4291-9425-887b43a1b784,347da82d-665c-428d-b2d6-07d763d5d0ec,81.48,5,3.0,83.33
a8d53b16-474e-46d2-8647-f34293a2d4b3,dc071ffd-6f1b-4792-8dd7-144d23376e34,77.37,2,3.5,66.67
28a68265-50b8-45d3-8d43-9ab5cc620153,2fc0f09d-466d-4e76-9d47-81370149ca9b,52.69,1,3.0,33.33
325dce0e-0dc1-4f5e-816a-f343ae0a400a,44873e67-c80f-4755-a82f-698920d23bcf,79.88,4,3.5,80.0
163279ba-e149-43b0-a510-5845bb441b34,8932a01b-7f2f-41a0-b257-f4b81caadff5,61.22,2,3.5,50.0
4705da1a-5cd9-45ed-be8e-68c0bbee7028,6a92faec-3154-49c7-9888-3a3c82fb67f8,81.22,4,2.5,100.0
466f87ce-d4cb-43e9-aa16-c612fcd05971,04e36126-bc71-41b5-9fce-448120185d1b,92.2,1,3.0,100.0
3b77c7cd-1739-4d47-a567-c98f36d4b5bc,85af672c-5c1a-4e64-839f-ec117fdd22ec,83.62,2,2.0,100.0
7d890a50-715e-4dea-8bfa-71abe41289ca,ba8430b7-1bcc-48dc-86df-962c265dbf99,95.56,2,3.0,100.0
5bfec793-0532-4260-8dac-aa2257dd3c37,c548ec61-18e5-400a-a6d2-c99c0c36350a,81.88,3,3.33,100.0
34c002a4-df71-4d95-9877-a8cd6e6ba62f,77275936-3937-4c2e-99d1-9a7e893e4a30,83.5,2,2.0,100.0
5cc9998e-ce82-4067-aea9-e524919ea7ac,b1507287-1213-4f2a-b433-f00c49cd3d1c,77.91,2,3.5,66.67
66456c32-f7f3-4097-afc2-76a4b8989082,a3a02a70-7ca5-4154-8d70-b2ba46a41306,69.8,3,2.33,75.0
c9c77845-e935-453c-b75e-f1a330e7ec3c,7129a758-f3d2-4009-9a0a-ba36778d7521,88.78,2,2.5,100.0
197cde65-6113-4b38-8ff6-6a691a84e822,4276d42c-4c0b-4841-b221-632e6c48e0eb,71.17,1,5.0,33.33
b941fcec-a9dc-413a-9977-de7bf49ca31b,f1e72511-2d5c-4962-9d7c-9319b3543ad7,96.88,1,4.0,100.0
78af82e7-e3a0-4d6f-80e0-987e2e69263f,068143f0-0dc3-462b-8870-5422535ee345,75.16,1,1.0,100.0
e9cefd16-4233-43d4-a9a1-b0bfe3c92fb6,ba249ab4-2a16-485f-b72b-02a95cc00040,62.32,1,3.0,25.0
8630e52e-5770-44d2-b677-2253578e948e,2dc32538-68fb-41b3-ba2f-e01b559266ff,64.53,2,1.5,66.67
90a6c5d7-0661-4203-ae00-f3eace80edef,5f8fdd0c-bab0-4402-b5fa-8982adcdd4e3,79.49,4,3.25,80.0
0169c010-5f5b-4537-adc8-1997250d55b5,6e98a464-3956-4715-996d-5a459828b532,86.72,3,2.33,100.0
8df098da-4016-4d20-9d07-f7f9cf6c87a8,b3d7022f-b6dd-47c3-aa9a-76f096581948,62.32,3,3.0,50.0
e990afb3-7a7f-4fdf-920f-af6ef2dbcbca,6bf6d84c-31c4-42c9-a4ae-2df5ff051fa1,66.21,2,3.5,66.67
0ef2f6a7-4b41-4608-a189-85b1dce53e1f,e9134477-43d7-4bb6-a1e2-a4c7783ea732,75.16,2,2.5,100.0
24c40488-9733-4366-84e9-a5f03a9570b1,55cc362e-7371-49d1-9a85-13101f4daa78,70.89,2,2.0,66.67
5383e18b-e79d-410c-8314-94d5a0b1c3a3,0a7a9ceb-fb96-4a60-a26c-28838058b697,71.72,1,5.0,50.0
f4a9a1e1-410e-46c7-a4fe-ad8d6300a2c8,5b3a6a66-128a-42ec-8a90-16aaed671cf3,60.37,1,3.0,33.33
2f984c1b-f29a-4cf5-9989-8131a81eb08f,853d8d9e-e67a-4e35-a446-c197b5580e0c,57.56,1,2.0,50.0
93485b8e-5e2a-467e-bebf-7a766de21a6f,20ed26d7-1d24-4e82-a6ff-87cc13fa471a,70.53,2,3.5,66.67
79fa8d57-38d7-4eb4-a350-8b11d881f2b6,8daa394b-6609-43a8-8da5-40a254ba2dcc,98.92,1,3.0,100.0
2a8a3370-03ad-49de-9b55-30c8a16707b5,f3372b50-bfde-41da-8a77-d7d0373d86c2,96.7,2,3.5,100.0
cb47dba0-59a4-4cf3-ad3e-e04d27b226b0,e1adc6b6-2182-4481-aa6e-723c5840de19,0.0,0,,0.0
415a3278-d294-4200-b2af-95d8e1c7598b,ca3838a9-5751-406b-a648-c67f59df8688,0.0,0,,0.0
d2724d7d-d9a7-46df-b5cc-d59b4bc127f7,f0b41640-106a-4c44-8eaa-2ccb2ab56197,68.92,2,3.0,40.0
a24bde51-e4f7-4173-a5cd-113a7c23d139,babf4f0d-1d8e-4cc0-a71c-5947b57cd2a2,83.85,2,4.0,66.67
efa9a3c4-4526-48b0-9eb7-cd59c5d2095e,2a1468ed-9c21-49d3-8fd6-446283205791,80.25,2,5.0,66.67
d3a41e9d-cba1-48be-a8c8-cfafd1bc1459,72d12888-eb3c-42c1-8baf-eade54440059,77.32,3,3.0,75.0
2f49d488-cbee-4342-a46c-879ec6910d8b,f9fef66c-c06e-429d-93f3-157660984f72,91.45,4,3.75,100.0
1de05d26-4cd2-4b93-9b57-afeb2e8520b0,9d6da1ac-c39a-41b5-964a-c4ae88c57c78,53.77,1,3.0,33.33
741419d3-e725-4f2e-b796-09ac78266693,10740eb1-c3bb-48ce-8605-0a8bb1016356,81.4,1,2.0,100.0
70cdea9b-6983-4f99-aadf-82cfc2bfcddf,4e60c551-eac9-435a-a1ca-4840baa55c2a,82.4,3,4.33,60.0
64c6f5e5-be15-4494-87dc-4d0534f679de,d3c6b065-bdf6-4ad1-877b-fafd3e243371,83.2,1,4.0,100.0
e46dfa74-f458-43b2-9f28-516954cc5661,6a52700a-533e-42e6-a541-b0818baa0e99,81.52,2,2.5,100.0
e11a5f6e-cde1-4219-bf61-8c8a8b2ddc16,095c3dec-602f-4c4a-ac18-c49be86ef7d8,69.69,2,4.0,66.67
6e13d1c4-6500-4dbf-a456-a43b5366e97d,e83bf799-4415-45b5-a2fc-ae3147311369,73.04,3,2.33,75.0
3acb5c96-7110-4f8c-8db5-89d7362b16e9,e723dfe0-bffd-4949-8a96-11317c7cd38f,50.89,1,2.0,33.33
fff6af17-ee8f-4c6e-8936-290e2dea28ce,b995af9a-b304-4027-96bb-0b83c10aaec9,84.44,3,3.0,100.0
d8d51019-8e37-4f71-a1a2-99d2b9d85321,7a898e8b-590d-4c02-8d2e-79dfd759ddc1,0.0,0,,0.0
188dcda0-739c-4f3f-9fad-c8a173caec9b,bb3418a8-f994-4d1c-a993-4625008c237f,93.79,4,4.0,100.0
f2aff69c-441f-4a5e-98d6-acf75d3975a0,76aaa77a-0eae-4170-ab6a-4cf99db6877c,74.32,1,2.0,100.0
4b0a3ff0-4ebc-40ce-90b8-810963d61abc,2c379236-cbf5-41a8-aec1-753bc8b6ffed,92.2,3,3.0,100.0
8272a0a1-da95-4557-aa71-9c4691126723,1b39bae4-4fbf-412f-a96d-335383461e01,0.0,0,,0.0
d97e4bee-eca8-49a0-933e-efa80e8c26bc,b671cb09-34b6-47a8-91de-5424d2431928,62.29,1,4.0,33.33
4030db45-086e-4162-a84c-0bb0a7c81c6d,01320d19-8657-4645-ac5f-f5c0cc74425b,77.68,1,4.0,100.0
708fbb63-1016-420c-bf86-c5214560c39a,8a3edd80-2f90-408f-9a3e-2b43a485b782,89.44,3,4.33,100.0
c01b6374-2293-498c-ac6c-0ef14f79f9e3,0e1e20f7-46e3-4d71-9ef3-55be49d030ba,90.76,1,3.0,100.0
737361d6-58cd-4fbc-93ed-1af42f03c8d2,428e2b84-8214-48a1-8eca-f8fff19f8877,83.56,3,3.67,75.0
0c4f2296-073a-4df7-9fde-ae3c7b6cbe39,37582ce2-56c9-491e-a9e2-6b8cf47ddaa1,58.9,2,3.0,40.0
06e2e67a-4f34-4715-b47b-c41e736e6724,0f308d83-87dd-43a9-96e1-a5d56ea59cd1,87.52,2,3.0,100.0
f0059197-5917-4d08-9bfc-5a6683d3f3e1,8ba2b41c-d283-4395-9919-a14e2e7ba9bf,77.37,5,2.8,83.33
8a821876-f0f9-4a49-9827-bb15be0f4e2b,99b27421-efb4-4e02-ae22-aaef2e6cf69f,70.29,2,3.0,66.67
141b5670-0e51-4ecc-8632-2fa39f17451e,2e5f4ed5-079e-41f5-b626-098eb04ec0f4,0.0,0,,0.0
41b87059-b669-47b0-af46-19701432fb27,4685cec5-6e3f-446f-9ea4-0f8221a90fb5,84.76,1,3.0,100.0
ecea4071-3173-436e-9944-477ff8e530e7,7ed5bd02-7edf-44b1-a030-578e2ed86a95,58.36,2,3.0,40.0
f2821fa8-0596-4eb8-a960-99e48b3cab2e,7147be97-e902-41ed-9398-eaec3611bd6b,87.76,3,2.67,100.0
fc9a801a-acc0-44c6-a703-a3160fd2dfdd,9b1ab468-996b-48f7-826f-7551a186d66b,88.56,3,3.33,100.0
fecee7e2-dc03-4f27-a055-fddf8d82b213,33f5743a-c341-4c03-9cc2-b08e2352e674,87.88,2,3.0,100.0
14b3e1a0-2db1-4075-be18-53a2ca802301,54a28fe5-32c5-4cea-ae58-f312087cb7d2,58.93,1,3.0,33.33
5bc3ec7d-fdb5-43d1-a5a2-9958f40757ad,8c2a7ed0-3cb4-4040-8739-a8dd299bd9d7,80.17,5,3.0,71.43
52fa1f78-d7b8-4bfc-a0ed-ab83c60ea34c,52c96214-eb4f-4879-94b8-b48c56b8a2aa,91.96,1,4.0,100.0
0e18ec84-0f28-42e3-899a-0547b93d80a8,8e1202c7-da9f-42e1-a25b-3827466509ed,0.0,0,,0.0
2af8df6a-09d6-4717-8e03-46bf4cfc7d0b,31491911-f9c9-4e21-999e-96fa0315fdc7,70.76,1,4.0,50.0
cdb11075-09bb-433f-b5b3-17ce59114c0c,17154193-1071-49dc-829c-0038c9182c29,63.52,3,2.33,60.0
01163230-6fe9-4699-bc33-4bdadc9c521e,cb69df38-87e6-4bf4-bcf7-e46c0b91d898,77.91,6,2.67,85.71
32fe074b-8d2d-4c81-a478-1ec2be82e55b,f5385ab3-91e0-486f-b123-c81133e8c8fc,58.81,1,2.0,33.33
ff3e09a9-ce44-4344-bdfc-bc3f38ddfebf,83853f80-a853-4ef9-ad2e-2b816eae164b,56.24,1,3.0,50.0
c1d68ff4-55f3-43f6-a775-af8064d73309,fef17762-7aa2-4e2a-8a98-64cc81a576b1,92.44,2,4.5,100.0
43353a3c-d274-4321-8ca7-6ef509786111,12e31f13-569a-47d6-b27e-2e820349e947,87.34,6,4.0,100.0
5a0a42a1-3818-46b7-ae7e-cfe4aea7aa81,4ed5c776-e060-4252-b20d-65083f978cb5,86.8,3,3.0,100.0
b94df7a1-8eb7-4d4e-bdcf-06cc266542e0,3b1d06df-02ff-4793-a6ea-8d90d4e3b7f2,82.6,1,2.0,100.0
1a6d8c9f-27d5-4d05-b328-a9978b07bd5c,4877cf9a-8fb5-412c-85e6-79cfdee7cebf,88.84,1,4.0,100.0
d63111a7-e27b-41f9-97d8-fce4bf8b79b0,9026a584-0b63-4c06-91cc-93397f295274,0.0,0,,0.0
f1c0b63d-d446-404b-a92a-b5669339cdc2,ee2e4f91-7dca-476f-a33d-3cd55b6c29a4,58.99,2,3.0,33.33
7b10ab7a-43b9-4e6b-808c-de60e2877a24,6db8581b-b978-4b98-85b0-26612e44cdf9,86.36,3,3.67,100.0
db4e3dc4-4698-47d0-963c-e9935cc6ac07,f52dcb9f-1f16-4570-9e64-c99a508541c9,70.11,2,2.5,66.67
26939231-0574-4b7f-bdea-b9223866acec,bdeb78df-9f6f-4306-965e-014b3a153150,85.24,1,3.0,100.0
54a6b674-bee4-422c-a113-5c07c1110c0b,0ae55ff3-4c43-4eb2-ac34-061a69af7172,87.04,1,4.0,100.0
cf316132-ec8f-41bc-83f3-a940d2159e51,58dccc6f-82bf-4420-9a58-f3a78c256825,78.56,1,3.0,50.0
356ee76b-056c-4608-b7de-b3a73d3ec9af,20731ee2-b665-44fd-a85f-129028ddee73,83.56,1,3.0,100.0
e42f1eda-d166-4b11-b2d0-6e7202128db4,7adde36e-23d0-4be9-9c77-c28683a75507,81.87,2,4.5,66.67
b1284180-ad0c-47e6-a3bf-5ffcfe32eb47,20fbd7be-f7a8-463b-91fc-fcd8472a665d,89.32,2,4.5,100.0
8b3f6f85-a256-443d-bd29-0d9143954dc4,25dc413f-d297-434a-848e-16a7e6663c5a,80.07,2,4.5,66.67
fb6d71a2-b775-4d97-b20b-b005944e7f37,484c8be0-ef3c-4f24-a9be-475871feaa5c,74.36,1,4.0,50.0
9f0d55f7-0c31-4f02-81f5-e6d88167a282,498ebd1c-7c18-4e5b-9c6f-9f4dcf6345d9,96.1,2,5.0,100.0
a1c7c18b-ad71-4fd2-8b02-5ed012de81da,63e47411-143c-41aa-80d6-bf0f6cedb5e8,76.16,1,5.0,50.0
abacad8c-49fd-4fcf-8b5e-8c68ef7f44ad,353aa968-1c4b-4d71-a011-3734cdb998a9,67.28,1,3.0,50.0
1503d763-cb61-48aa-8c2b-9584c22e491d,75a7194d-f21f-4200-8781-fb66f2415720,62.04,3,3.33,50.0
9587c165-8e5b-4b43-bb2f-d8109323c548,8d2229f4-4313-4b5d-b9eb-d84cfa2d4faf,83.8,4,2.5,100.0
3f550eb7-b271-4d1c-a8da-98bbe31ff599,d344c569-4e8e-4d62-9db8-a8094fc8e13a,67.16,1,3.0,50.0
25f013fa-e406-4902-b811-0cc14035cc78,d531a0a5-e6b7-409e-9b2f-1b0b2bfc03c6,86.86,2,3.5,100.0
85a9fc55-e7cf-4f89-8fdd-2ba3ae7bf074,16d506cc-902d-47b5-9d29-5b08a65bdf84,88.12,2,3.0,100.0
2ab3c87e-8a7f-4b9e-b87f-38b541342355,0ed7d5e8-57ea-4048-aa80-8207f2f276d1,80.24,3,4.0,75.0
861c6801-c2f4-4290-a54c-5060808db3da,b5f81280-7e57-4697-9313-18b7c9c06836,87.28,1,4.0,100.0
5a961b22-4897-444e-bcbc-42364f1a90d8,6d478e9a-3e47-4964-b44e-1a2afbc43037,47.2,1,3.0,25.0
b6dfb892-93d4-4d36-99a6-88a43a7ed99a,cb9bf1de-8305-43f0-a5cf-dc4bf0eb6bb5,77.18,5,3.4,83.33
61021729-885e-47b7-9366-1fe889a48622,dbfd251a-c3c8-49f8-bb9b-eba19b6456d3,80.92,3,3.67,60.0
61cf5818-65c3-4258-95ac-d563ecaa181c,c1068bcc-d315-43a9-ae19-c4a392a7bed8,66.92,2,4.0,50.0
9249e50b-1a91-47d2-b76f-47271674187d,3d1a84f0-7d06-4aaa-ac26-5d3cdaa5c89c,68.07,2,2.5,66.67
0711ff37-2b9b-4027-a626-823bc8307e86,df0172fc-e648-4c41-8ba3-82161f83f82d,69.39,2,3.0,66.67
ceef6a40-5a34-426a-a0c2-ecbd765f2bd3,6260c277-62cd-41f0-adae-d409f4d59073,81.72,3,3.0,75.0
cd2ac354-9dbf-4229-b132-4eaec583e104,00b61a80-507b-4636-a69f-7072024eaef8,79.64,3,4.0,75.0
fd7aff70-fb3f-4b30-9477-3cad8a74004f,f18ae44d-1636-4432-b923-4f5b277bfacb,77.32,1,3.0,100.0
d01c8967-663f-4a1e-a1df-3fd8a8668b1a,cce1fbbb-2bd5-4c5a-99f9-386b03799b06,0.0,0,,0.0
e1bced9a-f9e9-4f25-acda-fd1705cb43a7,ff82d958-7ffc-4e3a-a5a0-cac0ef18034b,76.76,3,4.67,60.0
9a088133-a81a-4e3a-b42d-c13e2dd4446b,b422aa20-6ad6-495d-84ea-6319d4a97539,80.32,3,3.67,75.0
1c49722d-7b58-4543-8a80-2ec74d2ccf64,ce71adfc-de90-4849-9da5-e0c992556bf5,0.0,0,,0.0
0a5a8ae7-07d3-4a20-bf31-ff437cb91bc5,02123b02-eddb-410b-8000-8320c6ad1a11,72.44,2,5.0,50.0
df15b06e-6a5a-49e0-abc8-c1a218929629,d80c9f2e-ec46-4052-84cd-b8aa0781b9b4,86.08,1,3.0,100.0
c2b2cce4-103a-4b0e-985e-2c787be943dc,3ce3f5fa-219e-44e8-befc-ade5befb04af,64.9,2,4.0,40.0
1e98f4f5-d3a7-4e33-ae58-dfd0b6d8c7ba,9692e062-44fb-47df-affc-0d9c14541151,90.01,4,3.5,100.0
c91b71ba-7c70-4af5-8549-19b422d2cfb1,baa3f9c4-a49d-4cc8-8abc-7db3860616ca,86.68,2,3.5,100.0
50270937-e699-4d2c-923d-d02188216e67,34e449af-25d3-495d-bd87-eb18fa75be14,76.52,1,3.0,50.0
181e3950-1e44-4ea1-bf1d-b8ba30abce5d,84ee8db6-0376-492f-a520-323107b5e244,79.06,2,3.0,100.0
d6d885dd-243d-4f88-8abd-0de4a27b6ccc,18e6bb96-2561-45ef-9548-6f9938c5040f,81.94,4,3.5,100.0
a3b378db-3b24-4476-8027-fb53f07d4a9e,42e14f92-430f-403b-8ff9-6434425076df,81.64,1,3.0,100.0
5825c3aa-cf24-47e5-868b-4068bc3b45d4,2cb0abfc-77c6-4389-a263-5e1e98aa467e,85.8,3,4.0,75.0
22c822e8-01f8-4cd3-b014-1ab737e45f50,e3b83294-0110-4cc3-bc96-c67aab36e922,82.36,1,2.0,100.0
a6eb58f7-aefd-41d9-9a17-bf02f6ea4c7b,f50bad1d-c2eb-48bb-a4fa-115c6e86cbed,82.68,4,4.25,66.67
e86c9de5-78fd-48f1-be4d-a325fb0eafdb,1040914d-05bc-4ed0-a968-cc12d45fb5c5,83.32,5,2.6,100.0
c2015ac2-de33-460d-ac33-e431190071f9,76d4e157-b8e3-4deb-b504-a2f1fa11843c,78.64,2,3.5,100.0
c1298397-96cd-4024-8681-d945467eaae6,fe8e59c2-3c6c-482f-b2fc-839208ac5883,89.08,3,3.0,100.0
ee7375e9-85cd-408f-a41c-494e81ac57bc,84a752ed-2a2f-4e6c-8232-3b82f9b527fe,81.04,2,2.0,100.0
7f385e36-d1a5-4a1b-99ed-0bcfe30e1898,ad0170e5-2ee1-4bc6-ba1a-fd7dd1330887,83.32,4,3.0,100.0
9735f487-1955-4ba5-8e78-f6183e5c5983,97c171ac-0584-4469-94d8-63c79e79e470,74.84,3,3.33,60.0
d4c530fc-a66b-475c-94c1-fa88c774a718,8fa92f8d-05a5-451b-a57c-83aa3e9ef531,87.58,4,3.0,100.0
a7f80b41-b9a7-481c-9e96-5b6061baf0c1,bff08a43-8f7a-4acf-9346-480449c403d0,64.76,2,2.0,50.0
9cff6fd1-b3ff-412c-85be-c20e7d04b3eb,2084f732-d5ee-43e4-baac-465d4319df4c,68.52,3,2.33,75.0
0a4d0827-4841-419b-b739-73a14c0fd3c4,1c37f3d2-6101-4f7c-b43d-26abd640c04e,66.8,1,4.0,50.0
b4432d0b-7060-4e26-9e51-f88265c1d3bb,1fa52f1a-a9c8-4c50-9cbe-c25d41362d8d,83.8,2,2.5,100.0
18188672-e9e0-432c-a0cf-f42ce574123b,2cfe2be0-5d2a-47ba-9c54-b50ec28e7949,76.4,4,3.5,80.0
0209511a-6206-4420-bf37-eb700c59b049,8246a4c1-fa84-47b8-9bac-504610c84411,74.48,3,3.33,75.0
